"csoc","ctie","ltie","cnatie","rtie","clang","cdevise","datmod","cusermod","idtva","ccdliv","cfmtie","gencod","ctiec","cmdliv","zinutil","ctiex1","ctiex2","ctiex3","datcre","cusercre","cpos","tel","ville","cfmcpti","tconfcde","appjour","appheured","appheuref","derncde","note","etat","tdiv","csocoff","ctieoff","csnatie","cacheteur","cappro","cdatpx","admstamp","ctieapayer","cptad","sensad","tcee","tdeb","csocclt","ctieclt","cetabclt","csocor","cetabor","baseor","ttieint","csoctieint","cetabtieint","dtapp","tstkfrs","csocdepfrs","cetabdepfrs","cdepotfrs","cdelvar","ctrlfac","datrep","cuserrep","cetatrep","vilcdliv","siret","tstkpref","cetabarr","clieuarr","csocdeppref","cetabdeppref","cdepotpref"
"CL","4010ALCAS","ALCAS","FRS","ALCAS","FRA","EUR","01/07/2021 00:00:00","FRAIAL","","","IMP","0","","","","","","","24/12/2020 00:00:00","VIF","50142","+39 055 732591","FIRENZE","FOU","True","","0","0","02/03/2021 00:00:00","","REF","False","","","FRS","DAVSCH","DAVSCH","CDE","4","4010ALCAS","","FRS","False","False","","","","CL","$$","1","False","","","","False","","","","","CUM","","","","","","False","","","","",""
"CL","4010FUSE","FUSEAU","FRS","FUSEAU","FRA","EUR","03/06/2021 00:00:00","FRAIAL","","","IMP","0","","","","","","","24/12/2020 00:00:00","VIF","49070","02 41 35 10 90","BEAUCOUZE","FOU","True","","0","0","","","REF","False","","","FRS","DAVSCH","DAVSCH","CDE","8","4010FUSE","","FRS","False","False","","","","CL","$$","1","False","","","","False","","","","","CUM","","","","","","False","","","","",""
"CL","4010GIUL","GIULIANO TARTUFI","FRS","TARTUFI","FRA","EUR","03/06/2021 00:00:00","FRAIAL","","","IMP","0","","","","","","","24/12/2020 00:00:00","VIF","06026","","PIETRALUNGA (PG)","FOU","True","","0","0","","","REF","False","","","FRS","DAVSCH","DAVSCH","CDE","8","4010GIUL","","FRS","False","False","","","","CL","$$","1","False","","","","False","","","","","CUM","","","","","","False","","","","",""
"CL","4010INDU","INDUTEX","FRS","INDUTEX","FRA","EUR","03/06/2021 00:00:00","FRAIAL","","","IMP","0","","","","","","","24/12/2020 00:00:00","VIF","75014","","PARIS","FOU","True","","0","0","","","REF","False","","","FRS","DAVSCH","DAVSCH","CDE","4","4010INDU","","FRS","False","False","","","","CL","$$","1","False","","","","False","","","","","CUM","","","","","","False","","","","",""
"CL","4010MANL","MANLEY","FRS","MANLEY","FRA","EUR","03/06/2021 00:00:00","FRAIAL","","","IMP","0","","","","","","","24/12/2020 00:00:00","VIF","","06 05 54 23 09","MONTAGUE GARDENS","FOU","True","","0","0","","","REF","False","","","FRS","DAVSCH","DAVSCH","CDE","12","4010MANL","","FRS","False","False","","","","CL","$$","1","False","","","","False","","","","","CUM","","","","","","False","","","","",""
"CL","4010MILHE","MILHE & AVONS","FRS","MILHE & AVON","FRA","EUR","03/06/2021 00:00:00","FRAIAL","","","IMP","0","","","","","","","24/12/2020 00:00:00","VIF","13384","04 91 10 66 66","MARSEILLE Cedex 13","FOU","True","","0","0","","","REF","False","","","FRS","DAVSCH","DAVSCH","CDE","4","4010MILHE","","FRS","False","False","","","","CL","$$","1","False","","","","False","","","","","CUM","","","","","","False","","","","",""
"CL","4010NOUIL","NOUILLES SECHES APOLLO WOK","FRS","APOLLO WOK","FRA","EUR","28/01/2021 00:00:00","VIFINTEG","","","IMP","0","","","","","","","24/12/2020 00:00:00","VIF","","","","FOU","True","","0","0","","","REF","False","","","FRS","DAVSCH","DAVSCH","CDE","0","4010NOUIL","","FRS","False","False","","","","CL","$$","1","False","","","","False","","","","","CUM","","","","","","False","","","","",""
"CL","4010POLI","POLITEC","FRS","POLITEC","FRA","EUR","03/06/2021 00:00:00","FRAIAL","","","IMP","0","","","","","","","24/12/2020 00:00:00","VIF","67640","03 88 64 37 13","FEGERSHEIM","FOU","True","","0","0","","","REF","False","","","FRS","DAVSCH","DAVSCH","CDE","8","4010POLI","","FRS","False","False","","","","CL","$$","1","False","","","","False","","","","","CUM","","","","","","False","","","","",""
"CL","4010RAMON","RAMON TALLERES","FRS","RAMON","FRA","EUR","03/06/2021 00:00:00","FRAIAL","","","IMP","0","","","","","","","24/12/2020 00:00:00","VIF","08339","937531311","VILASSAR DE DALT - BARCELONA","FOU","True","","0","0","","","REF","False","","","FRS","DAVSCH","DAVSCH","CDE","8","4010RAMON","","FRS","False","False","","","","CL","$$","1","False","","","","False","","","","","CUM","","","","","","False","","","","",""
"CL","4010BELG","BELGIUM FOOD PRODUCT","FRS","BELGIUM","FRA","EUR","02/06/2021 00:00:00","FRAIAL","","","LOC","0","","","","","","","24/12/2020 00:00:00","VIF","97460","06 93 03 79 64","SAINT-PAUL","FOU","True","","0","0","02/03/2021 00:00:00","","REF","False","","","FRS","DAVSCH","DAVSCH","CDE","12","4010BELG","","FRS","False","False","","","","CL","$$","1","False","","","","False","","","","","CUM","","","","","","False","","","","",""
"CL","4010YONG","BOULANGERIE YONG","FRS","BOULANG YONG","FRA","EUR","23/06/2021 00:00:00","FRAIAL","","","LOC","0","","3","","","","","24/12/2020 00:00:00","VIF","97427","0262 26 59 69","ETANG-SALE","FOU","True","","0","0","12/04/2021 00:00:00","","REF","False","","","FRS","DAVSCH","DAVSCH","CDE","20","4010YONG","","FRS","False","False","","","","CL","$$","1","False","","","","False","","","","","CUM","","","","","","False","","","","",""
"CL","4010BOUR","BOURBON EMBALLAGE","FRS","BOURBON EMB","FRA","EUR","23/07/2021 00:00:00","FRAIAL","","","LOC","0","","","","","","","24/12/2020 00:00:00","VIF","97410","","SAINT PIERRE","FOU","True","","0","0","","","REF","False","","","FRS","DAVSCH","DAVSCH","CDE","4","4010BOUR","","FRS","False","False","","","","CL","$$","1","False","","","","False","","","","","CUM","","","","","","False","","","","",""
"CL","4010BOUR1","BOURBON FRAICHEUR","FRS","BOURBON FRAI","FRA","EUR","02/06/2021 00:00:00","FRAIAL","","","LOC","0","","","","","","","24/12/2020 00:00:00","VIF","97480","06 92 56 79 80","VINCENDO","FOU","True","","0","0","","","REF","False","","","FRS","DAVSCH","DAVSCH","CDE","4","4010BOUR1","","FRS","False","False","","","","CL","$$","1","False","","","","False","","","","","CUM","","","","","","False","","","","",""
"CL","4010BOU","BOURBON PLASTIQUES EMBALLAGE","FRS","BOURBON PLAS","FRA","EUR","04/06/2021 00:00:00","FRAIAL","","","LOC","0","","","","","","","24/12/2020 00:00:00","VIF","97412","02 62 58 86 86","BRAS PANON","FOU","True","","0","0","01/02/2021 00:00:00","","REF","False","","","FRS","DAVSCH","DAVSCH","CDE","12","4010BOU","","FRS","False","False","","","","CL","$$","1","False","","","","False","","","","","CUM","","","","","","False","","","","",""
"CL","4010CART","CARTONNERIE DE LA REUNION","FRS","CARTONNERIE","FRA","EUR","02/06/2021 00:00:00","FRAIAL","","","LOC","0","","","","","","","24/12/2020 00:00:00","VIF","97410","02 62 35 74 58","SAINT-PIERRE","FOU","True","","0","0","","","REF","False","","","FRS","DAVSCH","DAVSCH","CDE","8","4010CART","","FRS","False","False","","","","CL","$$","1","False","","","","False","","","","","CUM","","","","","","False","","","","",""
"CL","4010COGE","COGEMO","FRS","COGEMO","FRA","EUR","01/06/2021 00:00:00","FRAIAL","","","LOC","0","","","","","","","24/12/2020 00:00:00","VIF","97490","","SAINTE-CLOTHILDE","FOU","True","","0","0","","","REF","False","","","FRS","DAVSCH","DAVSCH","CDE","12","4010COGE","","FRS","False","False","","","","CL","$$","1","False","","","","False","","","","","CUM","","","","","","False","","","","",""
"CL","4010COPA","COPAL","FRS","COPAL","FRA","EUR","02/06/2021 00:00:00","FRAIAL","","","LOC","0","","","","","","","24/12/2020 00:00:00","VIF","97427","02 62 25 72 00","ETANG-SALE","FOU","True","","0","0","","","REF","False","","","FRS","DAVSCH","DAVSCH","CDE","4","4010COPA","","FRS","False","False","","","","CL","$$","1","False","","","","False","","","","","CUM","","","","","","False","","","","",""
"CL","4010DGF","DGF","FRS","DGF","FRA","EUR","02/06/2021 00:00:00","FRAIAL","","","LOC","0","","","","","","","24/12/2020 00:00:00","VIF","97420","02 62 42 03 26","LE PORT","FOU","True","","0","0","06/05/2021 00:00:00","","REF","False","","","FRS","DAVSCH","DAVSCH","CDE","4","4010DGF","","FRS","False","False","","","","CL","$$","1","False","","","","False","","","","","CUM","","","","","","False","","","","",""
"CL","4010DUCH","DUCHEMANN","FRS","DUCHEMANN","FRA","EUR","02/06/2021 00:00:00","FRAIAL","","","LOC","0","","3","","","","","24/12/2020 00:00:00","VIF","97477","0262 26 59 09","ETANG-SALE","FOU","True","","0","0","09/04/2021 00:00:00","","REF","False","","","FRS","DAVSCH","DAVSCH","CDE","16","4010DUCH","","FRS","False","False","","","","CL","$$","1","False","","","","False","","","","","CUM","","","","","","False","","","","",""
"CL","4010EKOP","EKOPLAST","FRS","EKOPLAST","FRA","EUR","08/06/2021 00:00:00","FRAIAL","","","LOC","0","","","","","","","24/12/2020 00:00:00","VIF","97432","02 60 71 92 70","RAVINE DES CABRIS","FOU","True","","0","0","","","REF","False","","","FRS","DAVSCH","DAVSCH","CDE","12","4010EKOP","","FRS","False","False","","","","CL","$$","1","False","","","","False","","","","","CUM","","","","","","False","","","","",""
"CL","4010ELIP","ELIPRO","FRS","ELIPRO","FRA","EUR","02/06/2021 00:00:00","FRAIAL","","","LOC","0","","","","","","","24/12/2020 00:00:00","VIF","97460","0692.34.72.60","SAINT PAUL","FOU","True","","0","0","15/02/2021 00:00:00","","REF","False","","","FRS","DAVSCH","DAVSCH","CDE","16","4010ELIP","","FRS","False","False","","","","CL","$$","1","False","","","","False","","","","","CUM","","","","","","False","","","","",""
"CL","4010ETIQ","ETIQ OCEAN","FRS","ETIQ OCEAN","FRA","EUR","02/06/2021 00:00:00","FRAIAL","","","LOC","0","","","","","","","24/12/2020 00:00:00","VIF","97420","02 62 21 03 33","LE PORT","FOU","True","","0","0","","","REF","False","","","FRS","DAVSCH","DAVSCH","CDE","4","4010ETIQ","","FRS","False","False","","","","CL","$$","1","False","","","","False","","","","","CUM","","","","","","False","","","","",""
"CL","4010EURO","EUROCASH","FRS","EUROCASH","FRA","EUR","02/06/2021 00:00:00","FRAIAL","","","LOC","0","","","","","","","24/12/2020 00:00:00","VIF","97410","06 92 27 43 22","SAINT-PIERRE","FOU","True","","0","0","08/04/2021 00:00:00","","REF","False","","","FRS","DAVSCH","DAVSCH","CDE","4","4010EURO","","FRS","False","False","","","","CL","$$","1","False","","","","False","","","","","CUM","","","","","","False","","","","",""
"CL","4010FERMES","FERMES ET JARDINS","FRS","FERMESJARDIN","FRA","EUR","02/06/2021 00:00:00","FRAIAL","","","LOC","0","","","","","","","24/12/2020 00:00:00","VIF","97425","02 62 26 21 20","SAINT-LOUIS","FOU","True","","0","0","","","REF","False","","","FRS","DAVSCH","DAVSCH","CDE","8","4010FERMES","","FRS","False","False","","","","CL","$$","1","False","","","","False","","","","","CUM","","","","","","False","","","","",""
"CL","4010FR","FR NEGOCES","FRS","FR NEGOCES","FRA","EUR","02/06/2021 00:00:00","FRAIAL","","","LOC","0","","","","","","","24/12/2020 00:00:00","VIF","97450","","SAINT-LOUIS","FOU","True","","0","0","","","REF","False","","","FRS","DAVSCH","DAVSCH","CDE","8","4010FR","","FRS","False","False","","","","CL","$$","1","False","","","","False","","","","","CUM","","","","","","False","","","","",""
"CL","4010FRAIS","FRAIS IMPORT","FRS","FRAIS IMPORT","FRA","EUR","02/06/2021 00:00:00","FRAIAL","","","LOC","0","","","","","","","24/12/2020 00:00:00","VIF","97410","","SAINT PIERRE","FOU","True","","0","0","","","REF","False","","","FRS","DAVSCH","DAVSCH","CDE","4","4010FRAIS","","FRS","False","False","","","","CL","$$","1","False","","","","False","","","","","CUM","","","","","","False","","","","",""
"CL","4010ISAU","ISAUTIER","FRS","ISAUTIER","FRA","EUR","09/06/2021 00:00:00","FRAIAL","","","LOC","0","","","","","","","24/12/2020 00:00:00","VIF","97452","02 62 96 11 96","SAINT-PIERRE Cedex","FOU","True","","0","0","","","REF","False","","","FRS","DAVSCH","DAVSCH","CDE","12","4010ISAU","","FRS","False","False","","","","CL","$$","1","False","","","","False","","","","","CUM","","","","","","False","","","","",""
"CL","4010JARDIN","JARDIN FLEURI","FRS","JARDIN FLEUR","FRA","EUR","08/06/2021 00:00:00","FRAIAL","","","LOC","0","","","","","","","24/12/2020 00:00:00","VIF","97432","06 92 00 65 53","RAVINE DES CABRIS","FOU","True","","0","0","","","REF","False","","","FRS","DAVSCH","DAVSCH","CDE","8","4010JARDIN","","FRS","False","False","","","","CL","$$","1","False","","","","False","","","","","CUM","","","","","","False","","","","",""
"CL","4010KERR","KERRY","FRS","KERRY","FRA","EUR","23/06/2021 00:00:00","FRAIAL","","","LOC","0","","","","","","","24/12/2020 00:00:00","VIF","","0692043314","","FOU","True","","0","0","","","REF","False","","","FRS","DAVSCH","DAVSCH","CDE","8","4010KERR","","FRS","False","False","","","","CL","$$","1","False","","","","False","","","","","CUM","","","","","","False","","","","",""
"CL","4010MAGHO","MAGHO COMPAGNIE","FRS","MAGHO","FRA","EUR","08/06/2021 00:00:00","FRAIAL","","","LOC","0","","","","","","","24/12/2020 00:00:00","VIF","97438","0262 311 888","SAINTE-MARIE","FOU","True","","0","0","","","REF","False","","","FRS","DAVSCH","DAVSCH","CDE","4","4010MAGHO","","FRS","False","False","","","","CL","$$","1","False","","","","False","","","","","CUM","","","","","","False","","","","",""
"CL","4010AHSO","MAISON AH SOUNE","FRS","AH SOUNE","FRA","EUR","02/06/2021 00:00:00","FRAIAL","","","LOC","0","","3","","","","","24/12/2020 00:00:00","VIF","97430","02 62 27 06 38","TAMPON","FOU","True","","0","0","28/01/2021 00:00:00","","REF","False","","","FRS","DAVSCH","DAVSCH","CDE","28","4010AHSO","","FRS","False","False","","","","CL","$$","1","False","","","","False","","","","","CUM","","","","","","False","","","","",""
"CL","4010MINA","MAISON MINATCHY","FRS","MINATCHY","FRA","EUR","03/06/2021 00:00:00","FRAIAL","","","LOC","0","","","","","","","24/12/2020 00:00:00","VIF","97438","02 62 53 84 01","SAINTE-MARIE","FOU","True","","0","0","","","REF","False","","","FRS","DAVSCH","DAVSCH","CDE","4","4010MINA","","FRS","False","False","","","","CL","$$","1","False","","","","False","","","","","CUM","","","","","","False","","","","",""
"CL","4010MARIA","MARIA GUILLENO","FRS","MARIA GUIL","FRA","EUR","23/07/2021 00:00:00","FRAIAL","","","LOC","0","","","","","","","24/12/2020 00:00:00","VIF","97430","06 92 86 24 34","TAMPON","FOU","True","","0","0","","","REF","False","","","FRS","DAVSCH","DAVSCH","CDE","20","4010MARIA","","FRS","False","False","","","","CL","$$","1","False","","","","False","","","","","CUM","","","","","","False","","","","",""
"CL","4010MAST","MASTER FOOD","FRS","MASTER FOOD","FRA","EUR","02/06/2021 00:00:00","FRAIAL","","","LOC","0","","","","","","","24/12/2020 00:00:00","VIF","97410","02 62 31 55 38","SAINT-PIERRE","FOU","True","","0","0","","","REF","False","","","FRS","DAVSCH","DAVSCH","CDE","12","4010MAST","","FRS","False","False","","","","CL","$$","1","False","","","","False","","","","","CUM","","","","","","False","","","","",""
"CL","4010MOUL","MOULINS SOUFFLET","FRS","MOULIN SOUFF","FRA","EUR","23/06/2021 00:00:00","FRAIAL","","","LOC","0","","","","","","","24/12/2020 00:00:00","VIF","97420","0692 48 61 67","LE PORT","FOU","True","","0","0","","","REF","False","","","FRS","DAVSCH","DAVSCH","CDE","20","4010MOUL","","FRS","False","False","","","","CL","$$","1","False","","","","False","","","","","CUM","","","","","","False","","","","",""
"CL","4010OVOC","OVOCOOP","FRS","OVOCOOP","FRA","EUR","29/07/2021 00:00:00","FRAIAL","","","LOC","0","","","","","","","24/12/2020 00:00:00","VIF","97829","02 62 43 39 80","LE PORT Cedex","FOU","True","","0","0","15/02/2021 00:00:00","","REF","False","","","FRS","DAVSCH","DAVSCH","CDE","36","4010OVOC","","FRS","False","False","","","","CL","$$","1","False","","","","False","","","","","CUM","","","","","","False","","","","",""
"CL","4010ROLAN","PAINS SAINT ROLAN","FRS","SAINT ROLAN","FRA","EUR","03/06/2021 00:00:00","FRAIAL","","","LOC","0","","","","","","","24/12/2020 00:00:00","VIF","97420","02 62 43 43 53","LE PORT","FOU","True","","0","0","","","REF","False","","","FRS","DAVSCH","DAVSCH","CDE","4","4010ROLAN","","FRS","False","False","","","","CL","$$","1","False","","","","False","","","","","CUM","","","","","","False","","","","",""
"CL","4010PLV","PLV","FRS","PLV","FRA","EUR","02/06/2021 00:00:00","FRAIAL","","","LOC","0","","","","","","","24/12/2020 00:00:00","VIF","97490","02 62 29 81 82","SAINTE-CLOTHILDE","FOU","True","","0","0","","","REF","False","","","FRS","DAVSCH","DAVSCH","CDE","4","4010PLV","","FRS","False","False","","","","CL","$$","1","False","","","","False","","","","","CUM","","","","","","False","","","","",""
"CL","4010CHR","POINT CHR","FRS","POINT CHR","FRA","EUR","02/06/2021 00:00:00","FRAIAL","","","LOC","0","","","","","","","24/12/2020 00:00:00","VIF","97465","02 62 21 46 69","SAINT-DENIS Cedex","FOU","True","","0","0","","","REF","False","","","FRS","DAVSCH","DAVSCH","CDE","8","4010CHR","","FRS","False","False","","","","CL","$$","1","False","","","","False","","","","","CUM","","","","","","False","","","","",""
"CL","4010POIS","POISSONNERIE DES ILES","FRS","POISSON ILE","FRA","EUR","02/06/2021 00:00:00","FRAIAL","","","LOC","0","","","","","","","24/12/2020 00:00:00","VIF","97400","06 92 42 35 34","SAINT-DENIS","FOU","True","","0","0","","","REF","False","","","FRS","DAVSCH","DAVSCH","CDE","8","4010POIS","","FRS","False","False","","","","CL","$$","1","False","","","","False","","","","","CUM","","","","","","False","","","","",""
"CL","4010PRO","PRO A PRO","FRS","PRO A PRO","FRA","EUR","02/06/2021 00:00:00","FRAIAL","","","LOC","0","","","","","","","24/12/2020 00:00:00","VIF","97419","02 62 53 20 00","LA POSSESSION","FOU","True","","0","0","","","REF","False","","","FRS","DAVSCH","DAVSCH","CDE","4","4010PRO","","FRS","False","False","","","","CL","$$","1","False","","","","False","","","","","CUM","","","","","","False","","","","",""
"CL","4010PROM","PROMAT LAVAZZA","FRS","LAVAZZA","FRA","EUR","09/06/2021 00:00:00","FRAIAL","","","LOC","0","","","","","","","24/12/2020 00:00:00","VIF","97460","02 62 71 82 76","SAINT-PAUL","FOU","True","","0","0","","","REF","False","","","FRS","DAVSCH","DAVSCH","CDE","16","4010PROM","","FRS","False","False","","","","CL","$$","1","False","","","","False","","","","","CUM","","","","","","False","","","","",""
"CL","4010RBOI","REUNION BOISSONS","FRS","CHARRETTE","FRA","EUR","02/06/2021 00:00:00","FRAIAL","","","LOC","0","","","","","","","24/12/2020 00:00:00","VIF","97829","02 62 21 75 95","LE PORT Cedex","FOU","True","","0","0","","","REF","False","","","FRS","DAVSCH","DAVSCH","CDE","4","4010RBOI","","FRS","False","False","","","","CL","$$","1","False","","","","False","","","","","CUM","","","","","","False","","","","",""
"CL","4010RPELA","REUNION PELAGIQUE","FRS","REUNIMER","FRA","EUR","01/06/2021 00:00:00","FRAIAL","","","LOC","0","","","","","","","24/12/2020 00:00:00","VIF","97420","","LE PORT","FOU","True","","0","0","23/02/2021 00:00:00","","REF","False","","","FRS","DAVSCH","DAVSCH","CDE","4","4010RPELA","","FRS","False","False","","","","CL","$$","1","False","","","","False","","","","","CUM","","","","","","False","","","","",""
"CL","4010ROBIC","ROBIC","FRS","ROBIC","FRA","EUR","02/06/2021 00:00:00","FRAIAL","","","LOC","0","","","","","","","24/12/2020 00:00:00","VIF","97427","06 92 17 31 35","ETANG-SALE","FOU","True","","0","0","","","REF","False","","","FRS","DAVSCH","DAVSCH","CDE","8","4010ROBIC","","FRS","False","False","","","","CL","$$","1","False","","","","False","","","","","CUM","","","","","","False","","","","",""
"CL","4010ROYAL","ROYAL BOURBON","FRS","ROYAL BOURBO","FRA","EUR","02/06/2021 00:00:00","FRAIAL","","","LOC","0","","","","","","","24/12/2020 00:00:00","VIF","97412","02 62 51 60 60","BRAS PANON","FOU","True","","0","0","06/05/2021 00:00:00","","REF","False","","","FRS","DAVSCH","DAVSCH","CDE","12","4010ROYAL","","FRS","False","False","","","","CL","$$","1","False","","","","False","","","","","CUM","","","","","","False","","","","",""
"CL","4010SAPM","SAPMER","FRS","SAPMER","FRA","EUR","03/06/2021 00:00:00","FRAIAL","","","LOC","0","","","","","","","24/12/2020 00:00:00","VIF","97829","02 62 33 12 27","LE PORT Cedex","FOU","True","","0","0","","","REF","False","","","FRS","DAVSCH","DAVSCH","CDE","4","4010SAPM","","FRS","False","False","","","","CL","$$","1","False","","","","False","","","","","CUM","","","","","","False","","","","",""
"CL","4010SHANE","SHANE INVESTISSEMENT","FRS","SHANE","FRA","EUR","02/06/2021 00:00:00","FRAIAL","","","LOC","0","","","","","","","24/12/2020 00:00:00","VIF","97450","06 92 28 97 07","SAINT-LOUIS","FOU","True","","0","0","","","REF","False","","","FRS","DAVSCH","DAVSCH","CDE","8","4010SHANE","","FRS","False","False","","","","CL","$$","1","False","","","","False","","","","","CUM","","","","","","False","","","","",""
"CL","4010SIS","SIS","FRS","SIS","FRA","EUR","02/06/2021 00:00:00","FRAIAL","","","LOC","0","","","","","","","24/12/2020 00:00:00","VIF","97452","02 62 25 12 61","SAINT-PIERRE Cedex","FOU","True","","0","0","","","REF","False","","","FRS","DAVSCH","DAVSCH","CDE","12","4010SIS","","FRS","False","False","","","","CL","$$","1","False","","","","False","","","","","CUM","","","","","","False","","","","",""
"CL","4010SOCO","SOCODIEX","FRS","SOCODIEX","FRA","EUR","14/06/2021 00:00:00","FRAIAL","","","LOC","0","","","","","","","24/12/2020 00:00:00","VIF","97400","02 62 46 26 11","SAINT-DENIS","FOU","True","","0","0","06/05/2021 00:00:00","","REF","False","","","FRS","DAVSCH","DAVSCH","CDE","12","4010SOCO","","FRS","False","False","","","","CL","$$","1","False","","","","False","","","","","CUM","","","","","","False","","","","",""
"CL","4010SODI","SODICO","FRS","SODICO","FRA","EUR","02/06/2021 00:00:00","FRAIAL","","","LOC","0","","","","","","","24/12/2020 00:00:00","VIF","97455","02 62 96 17 17","SAINT-PIERRE Cedex","FOU","True","","0","0","","","REF","False","","","FRS","DAVSCH","DAVSCH","CDE","4","4010SODI","","FRS","False","False","","","","CL","$$","1","False","","","","False","","","","","CUM","","","","","","False","","","","",""
"CL","4010SORE","SORETAL","FRS","SORETAL","FRA","EUR","02/06/2021 00:00:00","FRAIAL","","","LOC","0","","","","","","","","","97400","02 62 53 27 08","SAINTE-CLOTHILDE","FOU","True","","0","0","","","REF","False","","","FRS","DAVSCH","DAVSCH","CDE","4","4010SORE","","FRS","False","False","","","","CL","$$","1","False","","","","False","","","","","CUM","","","","","","False","","","","",""
"CL","4010TIRE","TIRE BOITE","FRS","TIRE BOITE","FRA","EUR","03/06/2021 00:00:00","FRAIAL","","","LOC","0","","","","","","","24/12/2020 00:00:00","VIF","97424","06 92 95 16 17","PITON ST LEU","FOU","True","","0","0","","","REF","False","","","FRS","DAVSCH","DAVSCH","CDE","4","4010TIRE","","FRS","False","False","","","","CL","$$","1","False","","","","False","","","","","CUM","","","","","","False","","","","",""
"CL","4010TROPI","TROPI LEGUMES","FRS","TROPI LEGUME","FRA","EUR","02/06/2021 00:00:00","FRAIAL","","","LOC","0","","","","","","","24/12/2020 00:00:00","VIF","97410","02 62 59 19 46","SAINT-PIERRE","FOU","True","","0","0","","","REF","False","","","FRS","DAVSCH","DAVSCH","CDE","4","4010TROPI","","FRS","False","False","","","","CL","$$","1","False","","","","False","","","","","CUM","","","","","","False","","","","",""
"CL","4010ZICO","ZICOMAT","FRS","ZICOMAT","FRA","EUR","28/01/2021 00:00:00","VIFINTEG","","","LOC","0","","","","","","","24/12/2020 00:00:00","VIF","","","","FOU","True","","0","0","23/02/2021 00:00:00","","REF","False","","","FRS","DAVSCH","DAVSCH","CDE","0","4010ZICO","","FRS","False","False","","","","CL","$$","1","False","","","","False","","","","","CUM","","","","","","False","","","","",""
"CL","4010CORRE","CORRE ELYSEE","FRS","CORRE ELYSEE","FRA","EUR","07/06/2021 00:00:00","FRAIAL","","","LOC","0","","","","","","","24/12/2020 00:00:00","VIF","97418","06 93 97 10 61","PLAINE DES CAFRES","FOU","True","","0","0","","","REF","False","","","FRS","DAVSCH","DAVSCH","CDE","8","4010CORRE","","FRS","False","False","","","","CL","$$","1","False","","","","False","","","","","CUM","","","","","","False","","","","",""
"CL","4010ARMAS","ARMAS","FRS","ARMAS","FRA","EUR","28/01/2021 00:00:00","VIFINTEG","","","LOC","0","","","","","","","28/01/2021 00:00:00","VIFINTEG","97829","02 62 42 67 70","LE PORT Cedex","FOU","True","","0","0","02/03/2021 00:00:00","","REF","False","","","FRS","DAVSCH","DAVSCH","CDE","12","4010ARMAS","","CLT","False","False","","","","CL","$$","1","False","","","","False","","","","","CUM","","","","","","False","","","","",""
"CL","4010DPA","DPA","FRS","DPA","FRA","EUR","08/06/2021 00:00:00","FRAIAL","","","LOC","0","","3","","","","","22/04/2021 00:00:00","USERADM","97410","02 62 37 06 44","SAINT-PIERRE","FOU","True","","0","0","06/05/2021 00:00:00","","REF","False","","","FRS","DAVSCH","DAVSCH","CDE","24","4010DPA","","CLT","False","False","","","","CL","$$","1","False","","","","False","","","","","CUM","","","","","","False","","","","",""
"CL","4010LAWYAT","PULPE DES MASCAREIGNES","FRS","LAW YAT","FRA","EUR","23/06/2021 00:00:00","FRAIAL","","","LOC","0","","3","","","","","22/04/2021 00:00:00","USERADM","97434","06 92 86 86 05","SAINT GILLES LES BAINS","FOU","True","","0","0","06/05/2021 00:00:00","","REF","False","","","FRS","DAVSCH","DAVSCH","CDE","20","4010LAWYAT","","CLT","False","False","","","","CL","$$","1","False","","","","False","","","","","CUM","","","","","","False","","","","",""
"CL","4010MARAIC","MARAICHERS DE LA REUNION","FRS","MARAICHER DE","FRA","EUR","03/06/2021 00:00:00","FRAIAL","","","LOC","0","","","","","","","01/06/2021 00:00:00","FRAIAL","97438","","SAINTE-MARIE","FOU","True","","0","0","","","REF","False","","","FRS","DAVSCH","DAVSCH","CDE","24","4010MARAIC","","CLT","False","False","","","","CL","$$","1","False","","","","False","","","","","CUM","","","","","","False","","","","",""
"CL","4010AVIFER","AVIFERME","FRS","AVIFERME","FRA","EUR","03/06/2021 00:00:00","FRAIAL","","","LOC","0","","","","","","","01/06/2021 00:00:00","FRAIAL","97418","02 62 27 52 84","TAMPON","FOU","True","","0","0","","","REF","False","","","FRS","DAVSCH","DAVSCH","CDE","16","4010AVIFER","","CLT","False","False","","","","CL","$$","1","False","","","","False","","","","","CUM","","","","","","False","","","","",""
"CL","4010EUREKA","EUREKAS","FRS","EUREKAS","FRA","EUR","01/07/2021 00:00:00","FRAIAL","","","LOC","0","","","","","","","02/06/2021 00:00:00","FRAIAL","97410","02 62 35 16 55","SAINT PIERRE","FOU","True","","0","0","","","REF","False","","","FRS","DAVSCH","DAVSCH","CDE","20","4010EUREKA","","CLT","False","False","","","","CL","$$","1","False","","","","False","","","","","CUM","","","","","","False","","","","",""
"CL","4010LOGIST","LOGISTISUD","FRS","LOGISTISUD","FRA","EUR","03/06/2021 00:00:00","FRAIAL","","","LOC","0","","","","","","","02/06/2021 00:00:00","FRAIAL","97410","0262.25.88.88","PIERREFOND SAINT PIERRE","FOU","True","","0","0","","","REF","False","","","FRS","DAVSCH","DAVSCH","CDE","12","4010LOGIST","","CLT","False","False","","","","CL","$$","1","False","","","","False","","","","","CUM","","","","","","False","","","","",""
"CL","4010LM","LM","FRS","GROUPE LM","FRA","EUR","03/06/2021 00:00:00","FRAIAL","","","LOC","0","","","","","","","02/06/2021 00:00:00","FRAIAL","97410","0262 25 20 08","SAINT PIERRE","FOU","True","","0","0","","","REF","False","","","FRS","DAVSCH","DAVSCH","CDE","16","4010LM","","CLT","False","False","","","","CL","$$","1","False","","","","False","","","","","CUM","","","","","","False","","","","",""
"CL","4010PROMON","PROMONET","FRS","PROMONET","FRA","EUR","03/06/2021 00:00:00","FRAIAL","","","LOC","0","","","","","","","02/06/2021 00:00:00","FRAIAL","97452","02 62 96 13 96","SAINT-PIERRE Cedex","FOU","True","","0","0","","","REF","False","","","FRS","DAVSCH","DAVSCH","CDE","16","4010PROMON","","CLT","False","False","","","","CL","$$","1","False","","","","False","","","","","CUM","","","","","","False","","","","",""
"CL","4010ATOBA","ATOBA","FRS","ATOBA","FRA","EUR","03/06/2021 00:00:00","FRAIAL","","","IMP","0","","","","","","","02/06/2021 00:00:00","FRAIAL","","","PORT LOUIS","FOU","True","","0","0","04/06/2021 00:00:00","","REF","False","","","FRS","DAVSCH","DAVSCH","CDE","12","4010ATOBA","","CLT","False","False","","","","CL","$$","1","False","","","","False","","","","","CUM","","","","","","False","","","","",""
"CL","4010BAG","BAG AND PACK","FRS","BAG AND PACK","FRA","EUR","03/06/2021 00:00:00","FRAIAL","","","IMP","0","","","","","","","02/06/2021 00:00:00","FRAIAL","63044","","ROISSY CS","FOU","True","","0","0","","","REF","False","","","FRS","DAVSCH","DAVSCH","CDE","16","4010BAG","","CLT","False","False","","","","CL","$$","1","False","","","","False","","","","","CUM","","","","","","False","","","","",""
"CL","4010C2PACK","C2PACK","FRS","C2PACK","FRA","EUR","03/06/2021 00:00:00","FRAIAL","","","IMP","0","","","","","","","02/06/2021 00:00:00","FRAIAL","21600","","LONGVIC","FOU","True","","0","0","","","REF","False","","","FRS","DAVSCH","DAVSCH","CDE","8","4010C2PACK","","CLT","False","False","","","","CL","$$","1","False","","","","False","","","","","CUM","","","","","","False","","","","",""
"CL","4010CASTAD","CASCADELLE DISTRIBUTION","FRS","CASCADELLE","FRA","EUR","03/06/2021 00:00:00","FRAIAL","","","IMP","0","","","","","","","02/06/2021 00:00:00","FRAIAL","","","PHOENIX","FOU","True","","0","0","","","REF","False","","","FRS","DAVSCH","DAVSCH","CDE","12","4010CASTAD","","CLT","False","False","","","","CL","$$","1","False","","","","False","","","","","CUM","","","","","","False","","","","",""
"CL","4010COVIA","COVIA","FRS","COVIA","FRA","EUR","03/06/2021 00:00:00","FRAIAL","","","IMP","0","","","","","","","02/06/2021 00:00:00","FRAIAL","87600","05 55 03 04 60","ROCHECOURT","FOU","True","","0","0","","","REF","False","","","FRS","DAVSCH","DAVSCH","CDE","8","4010COVIA","","CLT","False","False","","","","CL","$$","1","False","","","","False","","","","","CUM","","","","","","False","","","","",""
"CL","4010CLEMSY","CLEMSYS","FRS","CLEMSYS","FRA","EUR","03/06/2021 00:00:00","FRAIAL","","","IMP","0","","","","","","","03/06/2021 00:00:00","USERADM","78870","01 39 43 00 00","BAILLY","FOU","True","","0","0","","","REF","False","","","FRS","DAVSCH","DAVSCH","CDE","8","4010CLEMSY","","CLT","False","False","","","","CL","$$","1","False","","","","False","","","","","CUM","","","","","","False","","","","",""
"CL","4010RUINCA","RU IN CAR","FRS","RUINCAR","FRA","EUR","03/06/2021 00:00:00","FRAIAL","","","IMP","0","","","","","","","03/06/2021 00:00:00","FRAIAL","25068","+390308900641","SAREZZO (BS)","FOU","True","","0","0","","","REF","False","","","FRS","DAVSCH","DAVSCH","CDE","12","4010RUINCA","","CLT","False","False","","","","CL","$$","1","False","","","","False","","","","","CUM","","","","","","False","","","","",""
"CL","4010ISOFLO","ISOFLON","FRS","ISOFLON","FRA","EUR","03/06/2021 00:00:00","FRAIAL","","","IMP","0","","","","","","","03/06/2021 00:00:00","FRAIAL","38790","04 78 96 22 37","DIEMOZ","FOU","True","","0","0","","","REF","False","","","FRS","DAVSCH","DAVSCH","CDE","8","4010ISOFLO","","CLT","False","False","","","","CL","$$","1","False","","","","False","","","","","CUM","","","","","","False","","","","",""
"CL","4010TTINT","T&T INTERNATIONNAL FOODS LTD","FRS","T&T INTERNAT","FRA","EUR","03/06/2021 00:00:00","FRAIAL","","","IMP","0","","","","","","","03/06/2021 00:00:00","FRAIAL","11109","+230 2342969","POINTE AUX SABLES","FOU","True","","0","0","","","REF","False","","","FRS","DAVSCH","DAVSCH","CDE","12","4010TTINT","","CLT","False","False","","","","CL","$$","1","False","","","","False","","","","","CUM","","","","","","False","","","","",""
"CL","4010INDUST","INDUSTRADE","FRS","INDUSTRADE","FRA","EUR","03/06/2021 00:00:00","FRAIAL","","","IMP","0","","","","","","","03/06/2021 00:00:00","FRAIAL","67012","03 90 20 07 07","STRASBOURG Cedex","FOU","True","","0","0","","","REF","False","","","FRS","DAVSCH","DAVSCH","CDE","12","4010INDUST","","CLT","False","False","","","","CL","$$","1","False","","","","False","","","","","CUM","","","","","","False","","","","",""
"CL","4010GILAC","GILAC","FRS","GILAC","FRA","EUR","03/06/2021 00:00:00","FRAIAL","","","IMP","0","","","","","","","03/06/2021 00:00:00","FRAIAL","01580","04 37 50 28 51","IZERNORE","FOU","True","","0","0","","","REF","False","","","FRS","DAVSCH","DAVSCH","CDE","8","4010GILAC","","CLT","False","False","","","","CL","$$","1","False","","","","False","","","","","CUM","","","","","","False","","","","",""
"CL","4010ECLAT","ECLAT DE FRANCE","FRS","ECLAT DE FRA","FRA","EUR","05/07/2021 00:00:00","FRAIAL","","","IMP","0","","","","","","","03/06/2021 00:00:00","FRAIAL","84000","04 90 95 59 59","AVIGNON","FOU","True","","0","0","","","REF","False","","","FRS","DAVSCH","DAVSCH","CDE","24","4010ECLAT","","CLT","False","False","","","","CL","$$","1","False","","","","False","","","","","CUM","","","","","","False","","","","",""
"CL","4010LEBHAR","LEBHAR","FRS","LEBHAR","FRA","EUR","23/07/2021 00:00:00","FRAIAL","","","IMP","0","","","","","","","03/06/2021 00:00:00","FRAIAL","89107","03 86 95 70 96","SENS CEDEX","FOU","True","","0","0","","","REF","False","","","FRS","DAVSCH","DAVSCH","CDE","12","4010LEBHAR","","CLT","False","False","","","","CL","$$","1","False","","","","False","","","","","CUM","","","","","","False","","","","",""
"CL","4010LSM","LSM LINEAIRE","FRS","LSM LINEAIRE","FRA","EUR","03/06/2021 00:00:00","FRAIAL","","","IMP","0","","","","","","","03/06/2021 00:00:00","FRAIAL","78 000","","VERSAILLES","FOU","True","","0","0","","","REF","False","","","FRS","DAVSCH","DAVSCH","CDE","8","4010LSM","","CLT","False","False","","","","CL","$$","1","False","","","","False","","","","","CUM","","","","","","False","","","","",""
"CL","4010MATFER","MATFER BOURGEAT","FRS","MATFER","FRA","EUR","03/06/2021 00:00:00","FRAIAL","","","IMP","0","","","","","","","03/06/2021 00:00:00","FRAIAL","93260","01 43 62 60 40","LES LILAS","FOU","True","","0","0","","","REF","False","","","FRS","DAVSCH","DAVSCH","CDE","4","4010MATFER","","CLT","False","False","","","","CL","$$","1","False","","","","False","","","","","CUM","","","","","","False","","","","",""
"CL","4010NEROLI","NEROLIANE","FRS","NEROLIANE","FRA","EUR","03/06/2021 00:00:00","FRAIAL","","","IMP","0","","","","","","","03/06/2021 00:00:00","FRAIAL","06550","","LA ROQUETTE SUR SIAGNE","FOU","True","","0","0","","","REF","False","","","FRS","DAVSCH","DAVSCH","CDE","4","4010NEROLI","","CLT","False","False","","","","CL","$$","1","False","","","","False","","","","","CUM","","","","","","False","","","","",""
"CL","4010NOVACH","NOVACHOC","FRS","NOVACHOC","FRA","EUR","03/06/2021 00:00:00","FRAIAL","","","IMP","0","","","","","","","03/06/2021 00:00:00","FRAIAL","67230","03 88 74 09 28","BENFELD","FOU","True","","0","0","","","REF","False","","","FRS","DAVSCH","DAVSCH","CDE","4","4010NOVACH","","CLT","False","False","","","","CL","$$","1","False","","","","False","","","","","CUM","","","","","","False","","","","",""
"CL","4010NUANCE","NUANCES GOURMANDES","FRS","NUANCES GOUR","FRA","EUR","03/06/2021 00:00:00","FRAIAL","","","IMP","0","","","","","","","03/06/2021 00:00:00","FRAIAL","17220","05 46 69 37 15","SAINT MEDARD D'AUNIS","FOU","True","","0","0","","","REF","False","","","FRS","DAVSCH","DAVSCH","CDE","4","4010NUANCE","","CLT","False","False","","","","CL","$$","1","False","","","","False","","","","","CUM","","","","","","False","","","","",""
"CL","4010PLATEX","PLATEX","FRS","PLATEX","FRA","EUR","03/06/2021 00:00:00","FRAIAL","","","IMP","0","","","","","","","03/06/2021 00:00:00","FRAIAL","92707","","COLOMBES Cedex","FOU","True","","0","0","","","REF","False","","","FRS","DAVSCH","DAVSCH","CDE","4","4010PLATEX","","CLT","False","False","","","","CL","$$","1","False","","","","False","","","","","CUM","","","","","","False","","","","",""
"CL","4010TECHIN","TECHINNOV","FRS","TECHINNOV","FRA","EUR","03/06/2021 00:00:00","FRAIAL","","","IMP","0","","","","","","","03/06/2021 00:00:00","FRAIAL","74210","04 50 68 95 13","DOUSSARD","FOU","True","","0","0","","","REF","False","","","FRS","DAVSCH","DAVSCH","CDE","4","4010TECHIN","","CLT","False","False","","","","CL","$$","1","False","","","","False","","","","","CUM","","","","","","False","","","","",""
"CL","4010PAFSIO","PAFSIO","FRS","PAFSIO","FRA","EUR","03/06/2021 00:00:00","FRAIAL","","","IMP","0","","","","","","","03/06/2021 00:00:00","FRAIAL","","+261 34 81 204 48","TOAMASINA","FOU","True","","0","0","","","REF","False","","","FRS","DAVSCH","DAVSCH","CDE","8","4010PAFSIO","","CLT","False","False","","","","CL","$$","1","False","","","","False","","","","","CUM","","","","","","False","","","","",""
"CL","4010RIVERP","RIVER PACK","FRS","RIVER PACK","FRA","EUR","03/06/2021 00:00:00","FRAIAL","","","IMP","0","","","","","","","03/06/2021 00:00:00","FRAIAL","95310","01 34 40 30 10","SAINT-OUEN L'AUMONE","FOU","True","","0","0","","","REF","False","","","FRS","DAVSCH","DAVSCH","CDE","4","4010RIVERP","","CLT","False","False","","","","CL","$$","1","False","","","","False","","","","","CUM","","","","","","False","","","","",""
"CL","4010AHCHOU","AH CHOU","FRS","AHCHOU","FRA","EUR","23/07/2021 00:00:00","FRAIAL","","","LOC","0","","","","","","","04/06/2021 00:00:00","FRAIAL","97451","0262 25 98 88","SAINT PIERRE CEDEX","FOU","True","","0","0","05/07/2021 00:00:00","","REF","False","","","FRS","DAVSCH","DAVSCH","CDE","12","4010AHCHOU","","CLT","False","False","","","","CL","$$","1","False","","","","False","","","","","CUM","","","","","","False","","","","",""
"CL","4010ASIA","ASIA STORE","FRS","ASIA STORE","FRA","EUR","15/07/2021 00:00:00","FRAIAL","","","LOC","0","","","","","","","04/06/2021 00:00:00","FRAIAL","97410","02 62 96 83 97","SAINT PIERRE","FOU","True","","0","0","","","REF","False","","","FRS","DAVSCH","DAVSCH","CDE","8","4010ASIA","","CLT","False","False","","","","CL","$$","1","False","","","","False","","","","","CUM","","","","","","False","","","","",""
"CL","4010BONBON","BONBON TRADITION","FRS","BONBON TRADI","FRA","EUR","23/07/2021 00:00:00","FRAIAL","","","LOC","0","","","","","","","04/06/2021 00:00:00","FRAIAL","97440","06 92 28 62 25","BRAS DES CHEVRETTES","FOU","True","","0","0","","","REF","False","","","FRS","DAVSCH","DAVSCH","CDE","8","4010BONBON","","CLT","False","False","","","","CL","$$","1","False","","","","False","","","","","CUM","","","","","","False","","","","",""
"CL","4010BOUL","BOULANGERIE YONG","FRS","BOUL YONG","FRA","EUR","04/06/2021 00:00:00","FRAIAL","","","LOC","0","","","","","","","04/06/2021 00:00:00","FRAIAL","97427","02 62 26 59 69","ETANG SALE LES HAUTS","FOU","True","","0","0","","","REF","False","","","FRS","DAVSCH","DAVSCH","CDE","4","4010BOUL","","CLT","False","False","","","","CL","$$","1","False","","","","False","","","","","CUM","","","","","","False","","","","",""
"CL","4010BIO","BIO EMBALLAGE","FRS","BIO EMBALLAG","FRA","EUR","23/06/2021 00:00:00","FRAIAL","","","LOC","0","","","","","","","04/06/2021 00:00:00","FRAIAL","97410","0262 25.98.87","SAINT PIERRE","FOU","True","","0","0","","","REF","False","","","FRS","DAVSCH","DAVSCH","CDE","12","4010BIO","","CLT","False","False","","","","CL","$$","1","False","","","","False","","","","","CUM","","","","","","False","","","","",""
"CL","4010BRASS","BRASSERIES DE BOURBON","FRS","BRASSERIE BO","FRA","EUR","07/06/2021 00:00:00","FRAIAL","","","LOC","0","","","","","","","04/06/2021 00:00:00","FRAIAL","97400","","SAINT-DENIS","FOU","True","","0","0","","","REF","False","","","FRS","DAVSCH","DAVSCH","CDE","12","4010BIO","","CLT","False","False","","","","CL","$$","1","False","","","","False","","","","","CUM","","","","","","False","","","","",""
"CL","4010BRIOCH","BRIOCHE DOREE","FRS","BRIOCHE DORE","FRA","EUR","04/06/2021 00:00:00","FRAIAL","","","LOC","0","","","","","","","04/06/2021 00:00:00","FRAIAL","97829","02 62 43 72 00","POSSESSION Cedex","FOU","True","","0","0","","","REF","False","","","FRS","DAVSCH","DAVSCH","CDE","4","4010BRIOCH","","CLT","False","False","","","","CL","$$","1","False","","","","False","","","","","CUM","","","","","","False","","","","",""
"CL","4010CHARCU","CHARCUTERIE JANIO","FRS","CHARCUTERIE","FRA","EUR","23/07/2021 00:00:00","FRAIAL","","","LOC","0","","","","","","","04/06/2021 00:00:00","FRAIAL","97424","06 92 60 35 07","ST LEU","FOU","True","","0","0","","","REF","False","","","FRS","DAVSCH","DAVSCH","CDE","16","4010CHARCU","","CLT","False","False","","","","CL","$$","1","False","","","","False","","","","","CUM","","","","","","False","","","","",""
"CL","4010CHAR","CHARCUTERIE SOUBADOU FILS","FRS","CHARCUT SOUB","FRA","EUR","23/07/2021 00:00:00","FRAIAL","","","LOC","0","","","","","","","04/06/2021 00:00:00","FRAIAL","97410","0262 93 12 90","RAVINE DES CAFRES","FOU","True","","0","0","","","REF","False","","","FRS","DAVSCH","DAVSCH","CDE","8","4010CHAR","","CLT","False","False","","","","CL","$$","1","False","","","","False","","","","","CUM","","","","","","False","","","","",""
"CL","4010CHANE","CHANE-HIVE","FRS","CHANE HIVE","FRA","EUR","04/06/2021 00:00:00","FRAIAL","","","LOC","0","","","","","","","04/06/2021 00:00:00","FRAIAL","97452","0262 25 02 42","SAINT-PIERRE Cedex","FOU","True","","0","0","","","REF","False","","","FRS","DAVSCH","DAVSCH","CDE","4","4010CHANE","","CLT","False","False","","","","CL","$$","1","False","","","","False","","","","","CUM","","","","","","False","","","","",""
"CL","4010CILAOS","CILAOS","FRS","CILAOS","FRA","EUR","04/06/2021 00:00:00","FRAIAL","","","LOC","0","","","","","","","04/06/2021 00:00:00","FRAIAL","97450","0262 26 78 19","SAINT-LOUIS","FOU","True","","0","0","","","REF","False","","","FRS","DAVSCH","DAVSCH","CDE","4","4010CILAOS","","CLT","False","False","","","","CL","$$","1","False","","","","False","","","","","CUM","","","","","","False","","","","",""
"CL","4010COGEDA","COGEDAL","FRS","COGEDAL","FRA","EUR","04/06/2021 00:00:00","FRAIAL","","","LOC","0","","","","","","","04/06/2021 00:00:00","FRAIAL","97455","","SAINT-PIERRE","FOU","True","","0","0","","","REF","False","","","FRS","DAVSCH","DAVSCH","CDE","4","4010COGEDA","","CLT","False","False","","","","CL","$$","1","False","","","","False","","","","","CUM","","","","","","False","","","","",""
"CL","4010COT","COT","FRS","COT","FRA","EUR","04/06/2021 00:00:00","FRAIAL","","","LOC","0","","","","","","","04/06/2021 00:00:00","FRAIAL","97450","02 62 26 16 60","SAINT-LOUIS","FOU","True","","0","0","","","REF","False","","","FRS","DAVSCH","DAVSCH","CDE","8","4010COT","","CLT","False","False","","","","CL","$$","1","False","","","","False","","","","","CUM","","","","","","False","","","","",""
"CL","4010COUL","COULEURS PRO DISTRIB","FRS","COULEURS PRO","FRA","EUR","30/06/2021 00:00:00","FRAIAL","","","LOC","0","","","","","","","04/06/2021 00:00:00","FRAIAL","97434","","SAINT GILLES LES BAINS","FOU","True","","0","0","","","REF","False","","","FRS","DAVSCH","DAVSCH","CDE","12","4010COUL","","CLT","False","False","","","","CL","$$","1","False","","","","False","","","","","CUM","","","","","","False","","","","",""
"CL","4010ECOTEL","ECOTEL","FRS","ECOTEL","FRA","EUR","08/06/2021 00:00:00","FRAIAL","","","LOC","0","","","","","","","08/06/2021 00:00:00","FRAIAL","97434","02 62 24 18 00","SAINT GILLES LES BAINS","FOU","True","","0","0","","","REF","False","","","FRS","DAVSCH","DAVSCH","CDE","8","4010ECOTEL","","CLT","False","False","","","","CL","$$","1","False","","","","False","","","","","CUM","","","","","","False","","","","",""
"CL","4010ZEBRE","LE ZEBRE ATELIER CREATIONS PUB","FRS","LE ZEBRE","FRA","EUR","08/06/2021 00:00:00","FRAIAL","","","LOC","0","","","","","","","08/06/2021 00:00:00","FRAIAL","97417","","LA MONTAGNE","FOU","True","","0","0","","","REF","False","","","FRS","DAVSCH","DAVSCH","CDE","12","4010ZEBRE","","CLT","False","False","","","","CL","$$","1","False","","","","False","","","","","CUM","","","","","","False","","","","",""
"CL","4010SAVEUR","LES SAVEURS DE L'OCEAN","FRS","LES SAVEURS","FRA","EUR","08/06/2021 00:00:00","FRAIAL","","","LOC","0","","","","","","","08/06/2021 00:00:00","FRAIAL","","","","FOU","True","","0","0","","","REF","False","","","FRS","DAVSCH","DAVSCH","CDE","4","4010SAVEUR","","CLT","False","False","","","","CL","$$","1","False","","","","False","","","","","CUM","","","","","","False","","","","",""
"CL","4010VEND","LES VENDANGES","FRS","LES VENDANGE","FRA","EUR","23/07/2021 00:00:00","FRAIAL","","","LOC","0","","","","","","","08/06/2021 00:00:00","FRAIAL","97434","","HERMITAGE","FOU","True","","0","0","","","REF","False","","","FRS","DAVSCH","DAVSCH","CDE","12","4010VEND","","CLT","False","False","","","","CL","$$","1","False","","","","False","","","","","CUM","","","","","","False","","","","",""
"CL","4010MADAR","MADARUN EXPORT","FRS","MADARUN","FRA","EUR","23/07/2021 00:00:00","FRAIAL","","","LOC","0","","","","","","","08/06/2021 00:00:00","FRAIAL","97410","0692760720","SAINT PIERRE","FOU","True","","0","0","","","REF","False","","","FRS","DAVSCH","DAVSCH","CDE","20","4010MADAR","","CLT","False","False","","","","CL","$$","1","False","","","","False","","","","","CUM","","","","","","False","","","","",""
"CL","4010MAISON","MAISON DU CURCUMA","FRS","MAISON","FRA","EUR","23/07/2021 00:00:00","FRAIAL","","","LOC","0","","","","","","","08/06/2021 00:00:00","FRAIAL","97480","","SAINT JOSEPH","FOU","True","","0","0","","","REF","False","","","FRS","DAVSCH","DAVSCH","CDE","8","4010MAISON","","CLT","False","False","","","","CL","$$","1","False","","","","False","","","","","CUM","","","","","","False","","","","",""
"CL","4010DPAEMB","DPA EMBALLAGES","FRS","DPA EMBALLAG","FRA","EUR","08/06/2021 00:00:00","FRAIAL","","","LOC","0","","3","","","","","08/06/2021 00:00:00","FRAIAL","97410","02 62 96 39 42","SAINT-PIERRE","FOU","True","","0","0","","","REF","False","","","FRS","DAVSCH","DAVSCH","CDE","4","4010DPAEMB","","CLT","False","False","","","","CL","$$","1","False","","","","False","","","","","CUM","","","","","","False","","","","",""
"CL","4010NJE","NJE FRAICHEUR","FRS","NJE FRAICHEU","FRA","EUR","23/06/2021 00:00:00","FRAIAL","","","LOC","0","","","","","","","09/06/2021 00:00:00","FRAIAL","97424","06 93 03 52 42","PITON SAINT LEU","FOU","True","","0","0","","","REF","False","","","FRS","DAVSCH","DAVSCH","CDE","16","4010NJE","","CLT","False","False","","","","CL","$$","1","False","","","","False","","","","","CUM","","","","","","False","","","","",""
"CL","4010FMR","PACK FMR","FRS","PACK FMR","FRA","EUR","15/07/2021 00:00:00","FRAIAL","","","LOC","0","","","","","","","09/06/2021 00:00:00","FRAIAL","97420","","LE PORT","FOU","True","","0","0","","","REF","False","","","FRS","DAVSCH","DAVSCH","CDE","12","4010FMR","","CLT","False","False","","","","CL","$$","1","False","","","","False","","","","","CUM","","","","","","False","","","","",""
"CL","4010PHOEN","PHOENIX - EDENA BOISSONS","FRS","PHOENIX","FRA","EUR","23/07/2021 00:00:00","FRAIAL","","","LOC","0","","","","","","","09/06/2021 00:00:00","FRAIAL","97419","","LA POSSESSION","FOU","True","","0","0","","","REF","False","","","FRS","DAVSCH","DAVSCH","CDE","8","4010PHOEN","","CLT","False","False","","","","CL","$$","1","False","","","","False","","","","","CUM","","","","","","False","","","","",""
"CL","4010PREST","PRESTACOM","FRS","PRESTACOM","FRA","EUR","23/07/2021 00:00:00","FRAIAL","","","LOC","0","","","","","","","09/06/2021 00:00:00","FRAIAL","97440","","SAINT ANDRE","FOU","True","","0","0","","","REF","False","","","FRS","DAVSCH","DAVSCH","CDE","8","4010PREST","","CLT","False","False","","","","CL","$$","1","False","","","","False","","","","","CUM","","","","","","False","","","","",""
"CL","4010RUNEMB","RUN EMBALLAGE","FRS","RUN EMBALLAG","FRA","EUR","10/06/2021 00:00:00","FRAIAL","","","LOC","0","","","","","","","10/06/2021 00:00:00","FRAIAL","97410","06 93 80 21 90","SAINT PIERRE","FOU","True","","0","0","","","REF","False","","","FRS","DAVSCH","DAVSCH","CDE","4","4010RUNEMB","","CLT","False","False","","","","CL","$$","1","False","","","","False","","","","","CUM","","","","","","False","","","","",""
"CL","4010PATOUM","PATOUMA","FRS","PATOUMA","FRA","EUR","23/07/2021 00:00:00","FRAIAL","","","LOC","0","","","","","","","10/06/2021 00:00:00","FRAIAL","97423","0692773692","ST PAUL","FOU","True","","0","0","","","REF","False","","","FRS","DAVSCH","DAVSCH","CDE","8","4010PATOUM","","CLT","False","False","","","","CL","$$","1","False","","","","False","","","","","CUM","","","","","","False","","","","",""
"CL","4010REMBAL","REMBAL OI","FRS","REMBAL OI","FRA","EUR","15/07/2021 00:00:00","FRAIAL","","","LOC","0","","","","","","","10/06/2021 00:00:00","FRAIAL","97400","0692099335","SAINT DENIS","FOU","True","","0","0","","","REF","False","","","FRS","DAVSCH","DAVSCH","CDE","12","4010REMBAL","","CLT","False","False","","","","CL","$$","1","False","","","","False","","","","","CUM","","","","","","False","","","","",""
"CL","4010BANA","SARL BANANES","FRS","SARL BANANES","FRA","EUR","29/07/2021 00:00:00","FRAIAL","","","LOC","0","","","","","","","11/06/2021 00:00:00","FRAIAL","97410","","SAINT-PIERRE","FOU","True","","0","0","","","REF","False","","","FRS","DAVSCH","DAVSCH","CDE","12","4010BANA","","CLT","False","False","","","","CL","$$","1","False","","","","False","","","","","CUM","","","","","","False","","","","",""
"CL","4010BIOIMP","BIO IMPORT REUNION","FRS","BIO IMPORT","FRA","EUR","23/06/2021 00:00:00","FRAIAL","","","LOC","0","","","","","","","23/06/2021 00:00:00","FRAIAL","97427","0262 45 84 68","ETANG-SALE","FOU","True","","0","0","","","REF","False","","","FRS","DAVSCH","DAVSCH","CDE","4","4010BIOIMP","","CLT","False","False","","","","CL","$$","1","False","","","","False","","","","","CUM","","","","","","False","","","","",""
"CL","4010PECHE","LA PECHERIE - GLOBAL SEAFOOD","FRS","LA PECHERIE","FRA","EUR","30/06/2021 00:00:00","FRAIAL","","","LOC","0","","","","","","","25/06/2021 00:00:00","FRAIAL","97434","0262432480","SAINT GILLES LES BAINS","FOU","True","","0","0","","","REF","False","","","FRS","DAVSCH","DAVSCH","CDE","8","4010PECHE","","CLT","False","False","","","","CL","$$","1","False","","","","False","","","","","CUM","","","","","","False","","","","",""
"CL","4010FORICH","FORICHER MOULIN DES GAULTS","FRS","FORICHER","FRA","EUR","30/06/2021 00:00:00","FRAIAL","","","IMP","0","","","","","","","30/06/2021 00:00:00","FRAIAL","45500","02 38 67 02 63","POILLY LEZ GIEN","FOU","True","","0","0","","","REF","False","","","FRS","DAVSCH","DAVSCH","CDE","4","4010FORICH","","CLT","False","False","","","","CL","$$","1","False","","","","False","","","","","CUM","","","","","","False","","","","",""
"CL","4010DISBEP","DISBEP SOCIETE DE DISTRIBUTION","FRS","DISBEP","FRA","EUR","30/06/2021 00:00:00","FRAIAL","","","LOC","0","","","","","","","30/06/2021 00:00:00","FRAIAL","97420","02 62 42 78 90","LE PORT","FOU","True","","0","0","","","REF","False","","","FRS","DAVSCH","DAVSCH","CDE","4","4010DISBEP","","CLT","False","False","","","","CL","$$","1","False","","","","False","","","","","CUM","","","","","","False","","","","",""
"CL","4010SOREBR","SOREBRA","FRS","SOREBRA","FRA","EUR","30/06/2021 00:00:00","FRAIAL","","","LOC","0","","","","","","","30/06/2021 00:00:00","FRAIAL","97450","0262.26.82.42","SAINT-LOUIS","FOU","True","","0","0","","","REF","False","","","FRS","DAVSCH","DAVSCH","CDE","12","4010SOREBR","","CLT","False","False","","","","CL","$$","1","False","","","","False","","","","","CUM","","","","","","False","","","","",""
"CL","4010STRADA","STRADA","FRS","STRADA","FRA","EUR","30/06/2021 00:00:00","FRAIAL","","","LOC","0","","","","","","","30/06/2021 00:00:00","FRAIAL","97410","","SAINT-PIERRE","FOU","True","","0","0","","","REF","False","","","FRS","DAVSCH","DAVSCH","CDE","4","4010STRADA","","CLT","False","False","","","","CL","$$","1","False","","","","False","","","","","CUM","","","","","","False","","","","",""
"CL","4010SYMBIO","SYMBIOSE MEDICAL","FRS","SYMBIOSE","FRA","EUR","30/06/2021 00:00:00","FRAIAL","","","LOC","0","","","","","","","30/06/2021 00:00:00","FRAIAL","97410","02 62 25 80 32","SAINT-PIERRE","FOU","True","","0","0","","","REF","False","","","FRS","DAVSCH","DAVSCH","CDE","8","4010SYMBIO","","CLT","False","False","","","","CL","$$","1","False","","","","False","","","","","CUM","","","","","","False","","","","",""
"CL","4010STARCO","STARCO HYGIENE ET CUISINE","FRS","STARCO","FRA","EUR","23/07/2021 00:00:00","FRAIAL","","","LOC","0","","","","","","","30/06/2021 00:00:00","FRAIAL","97824","02 62 42 11 83","LE PORT","FOU","True","","0","0","","","REF","False","","","FRS","DAVSCH","DAVSCH","CDE","20","4010STARCO","","CLT","False","False","","","","CL","$$","1","False","","","","False","","","","","CUM","","","","","","False","","","","",""
"CL","4010PPC","PPC DISTRIBUTION","FRS","PPC DISTRIB","FRA","EUR","23/07/2021 00:00:00","FRAIAL","","","LOC","0","","","","","","","30/06/2021 00:00:00","FRAIAL","97400","0262 30 17 38","SAINT DENIS","FOU","True","","0","0","","","REF","False","","","FRS","DAVSCH","DAVSCH","CDE","12","4010PPC","","CLT","False","False","","","","CL","$$","1","False","","","","False","","","","","CUM","","","","","","False","","","","",""
"CL","4010MARTIN","LE MARTIN PECHEUR","FRS","MARTIN PECHE","FRA","EUR","01/07/2021 00:00:00","FRAIAL","","","LOC","0","","","","","","","01/07/2021 00:00:00","FRAIAL","97460","","SAINT-PAUL","FOU","True","","0","0","","","REF","False","","","FRS","DAVSCH","DAVSCH","CDE","8","4010MARTIN","","CLT","False","False","","","","CL","$$","1","False","","","","False","","","","","CUM","","","","","","False","","","","",""
"CL","4010SEVARO","SEVAROME","FRS","SEVAROME","FRA","EUR","01/07/2021 00:00:00","FRAIAL","","","IMP","0","","","","","","","01/07/2021 00:00:00","FRAIAL","43200","04 71 59 39 86","YSSINGEAUX","FOU","True","","0","0","","","REF","False","","","FRS","DAVSCH","DAVSCH","CDE","12","4010SEVARO","","CLT","False","False","","","","CL","$$","1","False","","","","False","","","","","CUM","","","","","","False","","","","",""
"CL","4010CAUDAL","CAUDALIES CAVISTE AFFINATAIRE","FRS","CAUDALIES","FRA","EUR","01/07/2021 00:00:00","FRAIAL","","","LOC","0","","","","","","","01/07/2021 00:00:00","FRAIAL","97460","02 62 45 32 44","SAINT-PAUL","FOU","True","","0","0","","","REF","False","","","FRS","DAVSCH","DAVSCH","CDE","4","4010CAUDAL","","CLT","False","False","","","","CL","$$","1","False","","","","False","","","","","CUM","","","","","","False","","","","",""
"CL","4010DAR","DAR","FRS","DAR","FRA","EUR","01/07/2021 00:00:00","FRAIAL","","","IMP","0","","","","","","","01/07/2021 00:00:00","FRAIAL","80035","+39 081 510 23 08","NOLA","FOU","True","","0","0","","","REF","False","","","FRS","DAVSCH","DAVSCH","CDE","8","4010DAR","","CLT","False","False","","","","CL","$$","1","False","","","","False","","","","","CUM","","","","","","False","","","","",""
"CL","4010COINFR","LE COIN FRAICHEUR","FRS","COIN FRAICHE","FRA","EUR","09/07/2021 00:00:00","FRAIAL","","","LOC","0","","","","","","","09/07/2021 00:00:00","FRAIAL","97460","","SAINT PAUL","FOU","True","","0","0","","","REF","False","","","FRS","DAVSCH","DAVSCH","CDE","4","4010COINFR","","CLT","False","False","","","","CL","$$","1","False","","","","False","","","","","CUM","","","","","","False","","","","",""
"CL","4010SPHB","SPHB","FRS","SPHB","FRA","EUR","04/08/2021 00:00:00","FRAIAL","","","LOC","0","","","","","","","12/07/2021 00:00:00","FRAIAL","97410","02 62 35 76 96","SAINT PIERRE","FOU","True","","0","0","","","REF","False","","","FRS","DAVSCH","DAVSCH","CDE","12","4010SPHB","","CLT","False","False","","","","CL","$$","1","False","","","","False","","","","","CUM","","","","","","False","","","","",""
"CL","4010SKC","SKC FRUITS REUNION","FRS","SKC FRUITS","FRA","EUR","16/07/2021 00:00:00","FRAIAL","","","LOC","0","","","","","","","16/07/2021 00:00:00","FRAIAL","97410","0262 25 20 08","SAINT PIERRE","FOU","True","","0","0","","","REF","False","","","FRS","DAVSCH","DAVSCH","CDE","4","4010SKC","","CLT","False","False","","","","CL","$$","1","False","","","","False","","","","","CUM","","","","","","False","","","","",""
"CL","4010DRINKS","DRINKS DISTRIBUTION","FRS","DRINKS DISTR","FRA","EUR","22/07/2021 00:00:00","FRAIAL","","","LOC","0","","","","","","","22/07/2021 00:00:00","FRAIAL","97440","02 62 15 00 85","SAINT ANDRE","FOU","True","","0","0","","","REF","False","","","FRS","DAVSCH","DAVSCH","CDE","4","4010DRINKS","","CLT","False","False","","","","CL","$$","1","False","","","","False","","","","","CUM","","","","","","False","","","","",""
"CL","4010NATIV","NATIVEL LAURENT","FRS","NATIVEL LAUR","FRA","EUR","23/07/2021 00:00:00","FRAIAL","","","LOC","0","","","","","","","23/07/2021 00:00:00","FRAIAL","97410","0692497319","SAINT PIERRE","FOU","True","","0","0","","","REF","False","","","FRS","DAVSCH","DAVSCH","CDE","4","4010NATIV","","CLT","False","False","","","","CL","$$","1","False","","","","False","","","","","CUM","","","","","","False","","","","",""
"CL","4010LETAL","L'ETAL REUNION","FRS","L'ETAL REUNI","FRA","EUR","28/07/2021 00:00:00","FRAIAL","","","LOC","0","","","","","","","28/07/2021 00:00:00","FRAIAL","97450","02 62 09 86 34","SAINT-LOUIS","FOU","True","","0","0","","","REF","False","","","FRS","DAVSCH","DAVSCH","CDE","4","4010LETAL","","CLT","False","False","","","","CL","$$","1","False","","","","False","","","","","CUM","","","","","","False","","","","",""
"CL","4010SAKURA","SAKURA SARL","FRS","SAKURA","FRA","EUR","04/08/2021 00:00:00","FRAIAL","","","LOC","0","","","","","","","04/08/2021 00:00:00","FRAIAL","97400","02 62 20 42 47","ST DENIS","FOU","True","","0","0","","","REF","False","","","FRS","DAVSCH","DAVSCH","CDE","8","4010SAKURA","","CLT","False","False","","","","CL","$$","1","False","","","","False","","","","","CUM","","","","","","False","","","","",""
